DOB,Gender,MaritalDesc,EmploymentStatus,Department,PerfScoreID,FromDiversityJobFairID,Salary,Position,State,Zip,CitizenDesc,HispanicLatino,RaceDesc,DateofHire,DateofTermination,Termd,TermReason,ManagerName,ManagerID,RecruitmentSource,PerformanceScore,EngagementSurvey,EmpSatisfaction,SpecialProjectsCount,LastPerformanceReview_Date,DaysLateLast30,Absences
07/10/1983,M ,Single,Active,Production       ,4,0,62506,Production Technician I,MA,1960,US Citizen,No,White,07/05/2011,,0,N/A-StillEmployed,Michael Albert,22,LinkedIn,Exceeds,4.6,5,0,1/17/2019,0,1
05/05/1975,M ,Married,Voluntarily Terminated,IT/IS,3,0,104437,Sr. DBA,MA,2148,US Citizen,No,White,3/30/2015,6/16/2016,1,career change,Simon Roup,4,Indeed,Fully Meets,4.96,3,6,2/24/2016,0,17
09/19/88,F,Married,Voluntarily Terminated,Production       ,3,0,64955,Production Technician II,MA,1810,US Citizen,No,White,07/05/2011,9/24/2012,1,hours,Kissy Sullivan,20,LinkedIn,Fully Meets,3.02,3,0,5/15/2012,0,3
09/27/88,F,Married,Active,Production       ,3,0,64991,Production Technician I,MA,1886,US Citizen,No,White,01/07/2008,,0,N/A-StillEmployed,Elijiah Gray,16,Indeed,Fully Meets,4.84,5,0,01/03/2019,0,15
09/08/1989,F,Divorced,Voluntarily Terminated,Production       ,3,0,50825,Production Technician I,MA,2169,US Citizen,No,White,07/11/2011,09/06/2016,1,return to school,Webster Butler,39,Google Search,Fully Meets,5,4,0,02/01/2016,0,2
05/22/77,F,Single,Active,Production       ,4,0,57568,Production Technician I,MA,1844,US Citizen,No,White,01/09/2012,,0,N/A-StillEmployed,Amy Dunn,11,LinkedIn,Exceeds,5,5,0,01/07/2019,0,15
05/24/79,F,Single,Active,Software Engineering,3,0,95660,Software Engineer,MA,2110,US Citizen,No,White,11/10/2014,,0,N/A-StillEmployed,Alex Sweetwater,10,LinkedIn,Fully Meets,3.04,3,4,01/02/2019,0,19
02/18/83,M ,Widowed,Active,Production       ,3,0,59365,Production Technician I,MA,2199,US Citizen,No,White,9/30/2013,,0,N/A-StillEmployed,Ketsia Liebig,19,Employee Referral,Fully Meets,5,4,0,2/25/2019,0,19
02/11/1970,F,Single,Active,Production       ,3,1,47837,Production Technician I,MA,1902,US Citizen,No,Black or African American,07/06/2009,,0,N/A-StillEmployed,Brannon Miller,12,Diversity Job Fair,Fully Meets,4.46,3,0,1/25/2019,0,4
01/07/1988,M ,Divorced,Active,IT/IS,3,0,50178,IT Support,MA,1886,US Citizen,No,White,01/05/2015,,0,N/A-StillEmployed,Peter Monroe,7,Indeed,Fully Meets,5,5,6,2/18/2019,0,16
01/12/1974,F,Married,Voluntarily Terminated,Production       ,3,1,54670,Production Technician I,MA,1902,US Citizen,Yes,Black or African American,01/10/2011,01/12/2017,1,Another position,David Stanley,14,Diversity Job Fair,Fully Meets,4.2,4,0,1/30/2016,0,12
02/21/74,M ,Married,Voluntarily Terminated,Production       ,3,1,47211,Production Technician I,MA,2062,US Citizen,Yes,Black or African American,04/02/2012,9/19/2016,1,unhappy,Kissy Sullivan,20,Diversity Job Fair,Fully Meets,4.2,3,0,05/06/2016,0,15
07/04/1988,M ,Divorced,Active,IT/IS,4,1,92328,Data Analyst,TX,78230,US Citizen,No,Black or African American,11/10/2014,,0,N/A-StillEmployed,Simon Roup,4,Diversity Job Fair,Exceeds,4.28,4,5,2/25/2019,0,9
07/20/83,M ,Single,Active,Production       ,3,0,58709,Production Technician I,MA,1810,US Citizen,No,Two or more races,2/20/2012,,0,N/A-StillEmployed,Kelley Spirea,18,Google Search,Fully Meets,4.6,4,0,2/14/2019,0,7
07/15/77,M ,Divorced,Voluntarily Terminated,Production       ,3,0,52505,Production Technician I,MA,2747,US Citizen,No,White,9/24/2012,04/06/2017,1,Another position,Michael Albert,22,On-line Web application,Fully Meets,5,5,0,03/02/2017,0,1
10/18/81,M ,Single,Terminated for Cause,Production       ,3,0,57834,Production Technician I,MA,2050,US Citizen,No,White,2/21/2011,08/04/2017,1,attendance,Kelley Spirea,18,Google Search,Fully Meets,5,4,0,04/05/2017,0,20
04/17/66,F,Married,Active,Production       ,4,0,70131,Production Technician II,MA,2145,US Citizen,No,White,7/21/2016,,0,N/A-StillEmployed,Kelley Spirea,18,Employee Referral,Exceeds,4.4,3,0,1/14/2019,0,16
10/27/70,F,Single,Active,Production       ,3,0,59026,Production Technician I,MA,1915,Eligible NonCitizen,No,White,04/04/2011,,0,N/A-StillEmployed,Elijiah Gray,16,Google Search,Fully Meets,5,5,0,1/14/2019,0,12
04/04/1986,F,Single,Terminated for Cause,IT/IS,3,0,110000,Database Administrator,MA,2026,US Citizen,Yes,White,07/07/2014,09/12/2015,1,performance,Simon Roup,4,Google Search,Fully Meets,4.5,4,5,1/15/2015,0,8
04/06/1979,M ,Single,Active,Production       ,3,0,53250,Production Technician I,MA,2452,US Citizen,No,Asian,07/08/2013,,0,N/A-StillEmployed,Webster Butler,,LinkedIn,Fully Meets,4.2,4,0,01/11/2019,0,13
12/22/70,M ,Single,Active,Production       ,3,0,51044,Production Technician I,MA,2072,US Citizen,Yes,White,04/02/2012,,0,N/A-StillEmployed,Amy Dunn,11,Google Search,Fully Meets,5,3,0,1/14/2019,0,13
12/27/58,F,Divorced,Active,Production       ,3,0,64919,Production Technician I,MA,2027,US Citizen,No,Asian,8/19/2013,,0,N/A-StillEmployed,Ketsia Liebig,19,Indeed,Fully Meets,4.2,3,0,01/10/2019,0,2
09/01/1989,F,Married,Active,Production       ,4,0,62910,Production Technician I,MA,2031,US Citizen,No,White,07/07/2014,,0,N/A-StillEmployed,Brannon Miller,12,Indeed,Exceeds,5,3,0,2/27/2019,0,19
09/21/90,F,Single,Active,Production       ,2,0,66441,Production Technician II,MA,2171,US Citizen,No,White,04/04/2011,,0,N/A-StillEmployed,Michael Albert,22,CareerBuilder,Needs Improvement,2,3,0,2/27/2019,2,3
01/16/67,F,Single,Voluntarily Terminated,Production       ,3,0,57815,Production Technician II,MA,2210,US Citizen,No,White,01/10/2011,04/04/2014,1,career change,Elijiah Gray,16,Google Search,Fully Meets,4.8,5,0,03/04/2014,0,5
07/30/64,M ,Single,Terminated for Cause,IT/IS,3,0,103613,Enterprise Architect,CT,6033,US Citizen,No,Black or African American,2/17/2014,2/19/2016,1,Learned that he is a gangster,Simon Roup,4,LinkedIn,Fully Meets,3.5,5,7,01/10/2016,0,2
04/04/1987,F,Married,Active,Admin Offices,3,1,106367,Sr. Accountant,MA,2468,US Citizen,No,Black or African American,2/16/2015,,0,N/A-StillEmployed,Brandon R. LeBlanc,3,Diversity Job Fair,Fully Meets,5,4,3,2/18/2019,0,4
03/10/1970,M ,Single,Voluntarily Terminated,Production       ,3,0,74312,Production Manager,MA,1901,US Citizen,No,Asian,9/30/2013,08/07/2014,1,retiring,Janet King,2,Indeed,Fully Meets,3.39,3,0,2/20/2014,0,14
08/24/90,F,Married,Voluntarily Terminated,Production       ,3,0,53492,Production Technician I,MA,1701,US Citizen,No,White,04/02/2012,6/15/2013,1,Another position,David Stanley,14,Google Search,Fully Meets,3.35,4,0,03/04/2013,0,6
11/24/87,F,Married,Active,Admin Offices,3,1,63000,Accountant I,MA,1450,US Citizen,No,Black or African American,10/27/2008,,0,N/A-StillEmployed,Brandon R. LeBlanc,1,Diversity Job Fair,Fully Meets,4.5,2,6,1/15/2019,0,14
07/28/83,M ,Single,Active,Production       ,3,0,65288,Production Technician II,MA,1013,US Citizen,No,White,9/29/2014,,0,N/A-StillEmployed,Webster Butler,,Google Search,Fully Meets,3.19,3,0,02/01/2019,0,9
10/30/69,F,Separated,Active,Production       ,3,1,64375,Production Technician I,MA,2043,US Citizen,No,Black or African American,11/11/2013,,0,N/A-StillEmployed,Kissy Sullivan,20,Diversity Job Fair,Fully Meets,3.5,5,0,1/21/2019,0,17
06/01/1964,F,Married,Voluntarily Terminated,Sales,3,0,74326,Area Sales Manager,VA,21851,Eligible NonCitizen,No,Black or African American,8/15/2011,08/02/2014,1,Another position,John Smith,17,Google Search,Fully Meets,3.14,5,0,02/10/2013,1,19
03/02/1980,F,Single,Active,Production       ,3,0,63763,Production Technician II,MA,2148,US Citizen,No,Black or African American,03/05/2012,,0,N/A-StillEmployed,Amy Dunn,11,Employee Referral,Fully Meets,4.51,4,0,2/21/2019,0,3
08/19/77,M ,Married,Active,Production       ,3,0,62162,Production Technician II,MA,1890,US Citizen,No,White,04/04/2011,,0,N/A-StillEmployed,Ketsia Liebig,19,Indeed,Fully Meets,3.25,5,0,1/14/2019,0,15
11/22/66,M ,Single,Active,Software Engineering,3,0,77692,Software Engineering Manager,MA,2184,US Citizen,No,White,8/15/2011,,0,N/A-StillEmployed,Jennifer Zamora,5,Google Search,Fully Meets,3.84,3,5,1/21/2019,0,4
08/09/1983,M ,Single,Active,Production       ,4,0,72640,Production Manager,MA,2169,US Citizen,No,White,1/28/2016,,0,N/A-StillEmployed,Janet King,2,Indeed,Exceeds,5,3,0,2/22/2019,0,14
04/05/1987,F,Single,Active,Software Engineering,3,0,93396,Software Engineer,MA,2132,US Citizen,No,White,11/11/2013,,0,N/A-StillEmployed,Alex Sweetwater,10,Indeed,Fully Meets,4.96,4,6,1/30/2019,0,3
02/02/1983,M ,Single,Active,Production       ,3,0,52846,Production Technician I,MA,1701,US Citizen,No,Black or African American,3/31/2014,,0,N/A-StillEmployed,Kelley Spirea,18,LinkedIn,Fully Meets,4.43,3,0,02/01/2019,0,14
06/06/1986,F,Single,Active,IT/IS,3,0,100031,Sr. DBA,MA,1886,US Citizen,No,Black or African American,6/30/2016,,0,N/A-StillEmployed,Simon Roup,4,LinkedIn,Fully Meets,5,5,6,2/18/2019,0,7
05/15/63,F,Single,Active,Sales,3,0,71860,Area Sales Manager,VT,5664,US Citizen,No,White,8/18/2014,,0,N/A-StillEmployed,John Smith,17,Indeed,Fully Meets,5,5,0,1/21/2019,0,7
01/02/1951,F,Single,Active,Production       ,3,0,61656,Production Technician I,MA,2763,US Citizen,No,White,9/29/2014,,0,N/A-StillEmployed,Michael Albert,22,Google Search,Fully Meets,5,4,0,02/12/2019,0,11
02/09/1972,M ,Married,Active,IT/IS,3,0,110929,BI Director,MA,2045,US Citizen,No,White,09/06/2016,,0,N/A-StillEmployed,Jennifer Zamora,5,Indeed,Fully Meets,4.5,5,7,1/15/2019,0,8
02/12/1979,F,Single,Active,Production       ,3,0,54237,Production Technician I,MA,2170,US Citizen,No,White,05/12/2014,,0,N/A-StillEmployed,Elijiah Gray,16,Indeed,Fully Meets,3.3,4,0,2/19/2019,0,11
08/24/83,M ,Single,Active,Production       ,3,0,60380,Production Technician I,MA,1845,US Citizen,No,White,07/08/2013,,0,N/A-StillEmployed,Webster Butler,,LinkedIn,Fully Meets,3.8,5,0,1/14/2019,0,4
06/11/1970,M ,Single,Active,Sales,3,0,66808,Area Sales Manager,TX,78207,Eligible NonCitizen,No,Black or African American,5/14/2012,,0,N/A-StillEmployed,Lynn Daneault,21,Employee Referral,Fully Meets,3,5,0,1/19/2019,0,17
08/27/83,F,Single,Voluntarily Terminated,Production       ,3,0,64786,Production Technician I,MA,1775,US Citizen,No,White,6/27/2011,11/15/2015,1,relocation out of area,Amy Dunn,11,Indeed,Fully Meets,4.3,4,0,03/10/2015,0,3
05/31/88,F,Single,Active,Production       ,3,0,64816,Production Technician I,MA,2044,Non-Citizen,No,Black or African American,10/03/2011,,0,N/A-StillEmployed,Ketsia Liebig,19,Indeed,Fully Meets,3.58,5,0,1/30/2019,0,3
09/05/1985,M ,Single,Active,IT/IS,3,0,68678,IT Support,MA,2170,US Citizen,No,White,09/05/2012,,0,N/A-StillEmployed,Eric Dougall,6,Indeed,Fully Meets,4.7,3,6,2/27/2019,0,2
08/31/81,F,Married,Voluntarily Terminated,Production       ,3,0,64066,Production Technician II,MA,1752,US Citizen,No,White,5/16/2011,01/07/2013,1,unhappy,Brannon Miller,12,Google Search,Fully Meets,4.2,5,0,05/03/2012,0,9
11/25/78,M ,Married,Voluntarily Terminated,Production       ,3,0,59369,Production Technician II,MA,2169,US Citizen,No,White,8/30/2010,9/26/2011,1,career change,David Stanley,14,Indeed,Fully Meets,4.2,4,0,05/04/2011,0,6
08/26/80,M ,Married,Active,Production       ,4,0,50373,Production Technician I,MA,2134,US Citizen,No,White,07/06/2016,,0,N/A-StillEmployed,Brannon Miller,12,Employee Referral,Exceeds,4.1,4,0,2/28/2019,0,5
09/08/1977,M ,Single,Active,Production       ,3,0,63108,Production Technician I,MA,2452,US Citizen,No,White,07/08/2013,,0,N/A-StillEmployed,David Stanley,14,Employee Referral,Fully Meets,4.4,5,0,1/14/2019,0,3
08/12/1979,M ,Single,Terminated for Cause,Production       ,2,0,59144,Production Technician I,MA,1880,US Citizen,No,Black or African American,07/11/2011,9/23/2016,1,performance,Kissy Sullivan,20,LinkedIn,Needs Improvement,2,3,0,05/01/2016,5,16
12/17/75,M ,Divorced,Active,Production       ,2,0,68051,Production Manager,MA,1803,US Citizen,No,White,7/20/2010,,0,N/A-StillEmployed,Janet King,2,CareerBuilder,Needs Improvement,4.13,2,0,1/14/2019,3,3
03/19/83,M ,Single,Active,Production       ,4,0,170500,Director of Operations,MA,2030,US Citizen,No,Black or African American,01/05/2009,,0,N/A-StillEmployed,Janet King,2,Indeed,Exceeds,3.7,5,0,02/04/2019,0,15
03/31/77,F,Married,Active,Production       ,3,0,63381,Production Technician I,MA,2189,US Citizen,Yes,White,01/05/2015,,0,N/A-StillEmployed,Kelley Spirea,18,Indeed,Fully Meets,4.73,5,0,2/14/2019,0,6
08/26/86,M ,Married,Active,IT/IS,3,0,83552,Data Analyst,MA,1810,US Citizen,No,White,3/30/2015,,0,N/A-StillEmployed,Simon Roup,4,Indeed,Fully Meets,3.04,3,6,1/22/2019,0,2
04/10/1987,F,Single,Active,Production       ,3,0,56149,Production Technician I,MA,1821,US Citizen,No,White,07/06/2016,,0,N/A-StillEmployed,Michael Albert,22,LinkedIn,Fully Meets,4.12,5,0,1/28/2019,0,15
09/09/1965,M ,Single,Active,IT/IS,3,0,92329,Sr. Network Engineer,CT,6278,US Citizen,No,White,11/10/2014,,0,N/A-StillEmployed,Peter Monroe,7,Employee Referral,Fully Meets,5,3,4,01/02/2019,0,5
04/19/90,F,Single,Active,Sales,3,0,65729,Sales Manager,VT,5473,US Citizen,No,White,05/05/2014,,0,N/A-StillEmployed,Debra Houlihan,15,Indeed,Fully Meets,4.62,4,0,1/24/2019,0,8
01/18/52,F,Married,Active,IT/IS,3,0,85028,Sr. Network Engineer,CT,6033,US Citizen,No,White,11/10/2014,,0,N/A-StillEmployed,Peter Monroe,7,LinkedIn,Fully Meets,3.1,5,8,02/12/2019,0,19
11/05/1978,F,Married,Active,Production       ,3,0,57583,Production Technician I,MA,2110,US Citizen,No,White,07/02/2012,,0,N/A-StillEmployed,Elijiah Gray,16,Indeed,Fully Meets,5,3,0,2/25/2019,0,1
09/14/79,M ,Single,Active,Production       ,3,0,56294,Production Technician II,MA,2458,Eligible NonCitizen,No,Two or more races,11/07/2011,,0,N/A-StillEmployed,Kissy Sullivan,20,LinkedIn,Fully Meets,3.96,4,0,2/27/2019,0,6
04/15/88,M ,Married,Active,Production       ,1,0,56991,Production Technician I,MA,2138,US Citizen,No,White,07/09/2018,,0,N/A-StillEmployed,Brannon Miller,12,Indeed,Fully Meets,4.3,4,3,1/31/2019,2,2
10/31/77,M ,Married,Voluntarily Terminated,Production       ,3,0,55722,Production Technician I,MA,1810,US Citizen,No,White,5/16/2011,06/08/2016,1,unhappy,Webster Butler,39,Indeed,Fully Meets,5,4,0,04/02/2016,0,14
07/05/1979,F,Single,Active,Software Engineering,3,0,101199,Software Engineer,MA,2176,US Citizen,No,Black or African American,01/09/2012,,0,N/A-StillEmployed,Alex Sweetwater,10,CareerBuilder,Fully Meets,3.79,5,5,1/25/2019,0,8
11/02/1975,M ,Single,Active,Sales,1,0,61568,Area Sales Manager,AL,36006,US Citizen,No,Two or more races,9/29/2014,,0,N/A-StillEmployed,John Smith,17,Indeed,PIP,1.93,3,0,1/30/2019,6,5
02/25/51,F,Separated,Voluntarily Terminated,Production       ,3,0,58275,Production Technician II,MA,2343,US Citizen,No,Black or African American,04/04/2011,11/04/2015,1,more money,Kelley Spirea,18,Google Search,Fully Meets,4.62,5,0,05/06/2015,0,1
04/19/67,M ,Married,Active,Production       ,1,0,53189,Production Technician I,MA,2061,US Citizen,No,White,07/07/2014,,0,N/A-StillEmployed,Amy Dunn,11,Indeed,PIP,1.12,2,0,1/31/2019,4,9
09/04/1983,M ,Single,Active,IT/IS,3,0,96820,BI Developer,MA,2045,US Citizen,No,White,2/15/2017,,0,N/A-StillEmployed,Brian Champaigne,13,Indeed,Fully Meets,3.01,5,7,1/23/2019,0,15
11/15/82,M ,Single,Active,Production       ,3,0,51259,Production Technician I,MA,2180,US Citizen,No,White,05/12/2014,,0,N/A-StillEmployed,Ketsia Liebig,19,Indeed,Fully Meets,4.3,4,0,2/19/2019,0,1
05/14/87,F,Single,Active,Sales,1,0,59231,Area Sales Manager,WA,98052,US Citizen,Yes,White,2/20/2012,,0,N/A-StillEmployed,John Smith,17,Website,PIP,2.3,1,0,1/29/2019,2,17
12/02/1978,F,Married,Active,Production       ,2,0,61584,Production Technician I,MA,2351,US Citizen,No,Black or African American,01/07/2013,,0,N/A-StillEmployed,Brannon Miller,12,Indeed,Needs Improvement,3.88,4,0,1/18/2019,0,6
10/07/1986,F,Single,Active,Production       ,3,0,46335,Production Technician I,MA,2125,US Citizen,Yes,White,04/02/2012,,0,N/A-StillEmployed,David Stanley,14,CareerBuilder,Fully Meets,3.4,5,0,2/19/2019,0,15
07/18/88,F,Married,Active,IT/IS,3,0,70621,IT Support,MA,2119,US Citizen,No,White,01/05/2015,,0,N/A-StillEmployed,Peter Monroe,7,Employee Referral,Fully Meets,4.11,4,6,2/25/2019,0,16
07/09/1970,M ,Single,Active,IT/IS,4,0,138888,IT Manager - Support,MA,1886,US Citizen,No,Black or African American,01/05/2014,,0,N/A-StillEmployed,Jennifer Zamora,5,Indeed,Exceeds,4.3,5,5,01/04/2019,0,4
11/08/1988,F,Single,Active,Sales,4,0,74241,Area Sales Manager,CA,90007,US Citizen,No,White,01/10/2011,,0,N/A-StillEmployed,Lynn Daneault,21,Indeed,Exceeds,4.77,5,0,1/27/2019,0,14
11/28/73,F,Single,Active,Production       ,3,0,75188,Production Manager,MA,1731,US Citizen,No,White,9/18/2014,,0,N/A-StillEmployed,Janet King,2,Google Search,Fully Meets,4.52,4,0,1/15/2019,0,4
09/23/73,F,Married,Active,Production       ,3,0,62514,Production Technician I,MA,1749,US Citizen,No,White,4/26/2010,,0,N/A-StillEmployed,Ketsia Liebig,19,Google Search,Fully Meets,2.9,3,0,1/21/2019,0,6
09/05/1991,F,Married,Voluntarily Terminated,Production       ,3,0,60070,Production Technician I,MA,2343,US Citizen,No,White,04/04/2011,06/06/2017,1,military,Kissy Sullivan,20,Google Search,Fully Meets,5,3,0,04/09/2017,0,7
05/31/74,M ,Single,Active,Production       ,3,0,48888,Production Technician I,MA,2026,US Citizen,No,White,11/10/2014,,0,N/A-StillEmployed,Kelley Spirea,18,LinkedIn,Fully Meets,4.7,5,0,2/13/2019,0,8
08/25/78,M ,Married,Active,Production       ,3,0,54285,Production Technician I,MA,2045,US Citizen,No,White,3/31/2014,,0,N/A-StillEmployed,Kelley Spirea,18,Employee Referral,Fully Meets,4.2,3,0,01/11/2019,0,3
08/25/89,F,Separated,Active,Production       ,1,0,56847,Production Technician II,MA,2133,US Citizen,No,White,07/07/2014,,0,N/A-StillEmployed,Michael Albert,22,Indeed,PIP,3,1,0,2/25/2019,2,5
09/02/1983,M ,Single,Terminated for Cause,Production       ,2,0,60340,Production Technician I,MA,2129,US Citizen,No,White,04/02/2012,9/27/2018,1,attendance,Michael Albert,22,Google Search,Needs Improvement,5,4,0,04/12/2018,5,16
05/06/1989,F,Single,Terminated for Cause,Production       ,2,0,59124,Production Technician I,MA,2458,US Citizen,No,White,2/17/2014,2/25/2018,1,"no-call, no-show",Elijiah Gray,16,Google Search,Needs Improvement,2.3,3,0,1/15/2017,5,19
05/15/87,F,Married,Terminated for Cause,Software Engineering,2,0,99280,Software Engineer,MA,1749,US Citizen,No,Black or African American,05/02/2011,06/05/2013,1,attendance,Alex Sweetwater,10,Indeed,Needs Improvement,2.1,5,4,08/10/2012,4,19
09/22/78,F,Married,Active,Production       ,3,0,71776,Production Technician II,MA,1824,US Citizen,No,Black or African American,07/07/2014,,0,N/A-StillEmployed,Elijiah Gray,16,LinkedIn,Fully Meets,4.4,5,0,2/22/2019,0,17
09/27/87,F,Single,Active,Production       ,3,0,65902,Production Technician II,MA,2324,US Citizen,No,Black or African American,2/17/2014,,0,N/A-StillEmployed,Webster Butler,,LinkedIn,Fully Meets,4,4,0,01/07/2019,0,7
04/14/55,F,Married,Voluntarily Terminated,Production       ,3,0,57748,Production Technician I,MA,2176,US Citizen,No,White,11/07/2011,5/17/2016,1,military,Webster Butler,39,Google Search,Fully Meets,3.13,3,0,02/04/2016,0,16
10/18/89,M ,Married,Active,Production       ,1,0,64057,Production Technician I,MA,2132,US Citizen,No,White,05/11/2015,,0,N/A-StillEmployed,Amy Dunn,11,Indeed,PIP,1.56,5,0,01/03/2019,6,15
06/18/87,M ,Single,Active,IT/IS,1,0,53366,Network Engineer,MA,2138,US Citizen,No,White,3/30/2015,,0,N/A-StillEmployed,Peter Monroe,7,LinkedIn,PIP,1.2,3,6,02/04/2019,3,2
03/16/81,F,Married,Active,Production       ,3,0,58530,Production Technician I,MA,2155,US Citizen,No,White,01/09/2012,,0,N/A-StillEmployed,Brannon Miller,12,Google Search,Fully Meets,5,5,0,1/29/2019,0,19
10/01/1981,M ,Single,Voluntarily Terminated,Production       ,3,0,72609,Production Technician II,MA,2143,US Citizen,Yes,White,5/16/2011,6/24/2013,1,hours,Amy Dunn,11,Google Search,Fully Meets,4.76,5,0,04/05/2013,0,20
11/08/1983,F,Married,Voluntarily Terminated,Production       ,3,0,55965,Production Technician II,MA,2170,US Citizen,No,White,04/04/2011,01/09/2013,1,career change,Ketsia Liebig,19,Google Search,Fully Meets,3.66,3,0,01/07/2012,0,6
07/07/1975,M ,Married,Terminated for Cause,Sales,3,0,70187,Area Sales Manager,MA,2330,US Citizen,No,White,9/29/2014,8/19/2018,1,Fatal attraction,Lynn Daneault,21,Employee Referral,PIP,2,5,0,1/28/2019,4,7
07/05/1980,M ,Single,Active,IT/IS,4,0,178000,IT Director,MA,1460,US Citizen,No,Black or African American,4/15/2011,,0,N/A-StillEmployed,Jennifer Zamora,5,Indeed,Exceeds,5,5,5,01/07/2019,0,15
04/16/79,F,Married,Active,Admin Offices,3,0,99351,Sr. Accountant,MA,2050,US Citizen,no,White,01/05/2009,,0,N/A-StillEmployed,Board of Directors,9,Other,Fully Meets,5,3,2,02/08/2019,0,3
08/28/63,M ,Single,Active,Sales,3,0,67251,Area Sales Manager,CT,6050,US Citizen,No,Black or African American,09/06/2011,,0,N/A-StillEmployed,Lynn Daneault,21,CareerBuilder,Fully Meets,4.3,3,0,1/27/2019,2,7
07/06/1968,F,Single,Active,IT/IS,3,0,65707,IT Support,CT,6040,US Citizen,No,White,05/01/2010,,0,N/A-StillEmployed,Eric Dougall,6,LinkedIn,Fully Meets,4.7,4,5,02/01/2019,0,1
09/15/85,M ,Single,Active,Production       ,3,0,52249,Production Technician I,MA,1905,US Citizen,Yes,White,3/30/2015,,0,N/A-StillEmployed,David Stanley,14,Employee Referral,Fully Meets,4.5,3,0,2/18/2019,0,5
12/02/1983,F,Single,Active,Production       ,3,0,53171,Production Technician I,MA,2121,US Citizen,Yes,Black or African American,5/16/2011,,0,N/A-StillEmployed,Kelley Spirea,18,LinkedIn,Fully Meets,4.2,4,0,2/26/2019,0,12
10/01/1990,F,Married,Active,Production       ,3,0,51337,Production Technician I,MA,2145,US Citizen,No,Black or African American,3/30/2015,,0,N/A-StillEmployed,Michael Albert,22,LinkedIn,Fully Meets,3.73,3,0,1/16/2019,0,19
05/15/70,F,Divorced,Voluntarily Terminated,Production       ,3,1,51505,Production Technician I,MA,2330,US Citizen,No,Black or African American,11/07/2011,11/15/2016,1,hours,Elijiah Gray,16,Diversity Job Fair,Fully Meets,4.24,4,0,4/29/2016,0,2
07/10/1971,F,Widowed,Terminated for Cause,Sales,3,0,59370,Area Sales Manager,OH,43050,US Citizen,No,Black or African American,07/07/2014,09/05/2015,1,attendance,John Smith,17,CareerBuilder,Fully Meets,3.97,4,0,1/15/2014,0,7
08/09/1974,M ,Married,Voluntarily Terminated,Production       ,2,1,54933,Production Technician I,MA,2062,US Citizen,No,Black or African American,04/02/2012,6/25/2015,1,military,Webster Butler,39,Diversity Job Fair,Needs Improvement,3.97,4,0,1/20/2015,3,15
05/08/1980,F,Single,Active,Production       ,4,0,57815,Production Technician I,MA,2451,US Citizen,Yes,Two or more races,9/29/2014,,0,N/A-StillEmployed,Amy Dunn,11,Indeed,Exceeds,3.9,4,0,02/07/2019,0,3
09/22/89,F,Single,Active,Sales,3,0,61555,Area Sales Manager,IN,46204,US Citizen,No,White,2/16/2015,,0,N/A-StillEmployed,Lynn Daneault,21,Indeed,Fully Meets,4.5,5,0,1/25/2019,0,20
10/23/71,F,Single,Terminated for Cause,IT/IS,3,0,114800,Database Administrator,MA,2127,US Citizen,No,White,2/16/2015,3/15/2015,1,"no-call, no-show",Simon Roup,4,Indeed,Fully Meets,4.6,4,4,1/20/2015,0,10
11/24/89,M ,Married,Active,IT/IS,3,0,74679,IT Support,MA,2135,US Citizen,Yes,White,3/30/2015,,0,N/A-StillEmployed,Peter Monroe,7,LinkedIn,Fully Meets,4.3,5,7,01/10/2019,0,20
06/18/92,F,Single,Active,Production       ,3,0,53018,Production Technician I,MA,2451,US Citizen,Yes,White,11/11/2013,,0,N/A-StillEmployed,Ketsia Liebig,19,Indeed,Fully Meets,4.3,5,0,2/18/2019,0,7
09/29/69,M ,Divorced,Active,Production       ,4,1,59892,Production Technician I,MA,2108,US Citizen,No,Black or African American,07/11/2011,,0,N/A-StillEmployed,Brannon Miller,12,Diversity Job Fair,Exceeds,4.5,4,0,2/18/2019,0,1
10/12/1964,M ,Married,Voluntarily Terminated,Production       ,1,1,68898,Production Technician II,MA,2128,US Citizen,No,Black or African American,4/26/2010,5/30/2011,1,career change,Brannon Miller,12,Diversity Job Fair,PIP,3,3,0,03/06/2011,3,10
04/16/81,F,Separated,Active,IT/IS,3,0,61242,IT Support,MA,2472,US Citizen,Yes,White,01/05/2015,,0,N/A-StillEmployed,Peter Monroe,7,Employee Referral,Fully Meets,4.61,4,5,1/28/2019,0,11
05/25/86,F,Married,Active,Production       ,3,0,66825,Production Technician II,MA,1886,US Citizen,No,White,05/12/2014,,0,N/A-StillEmployed,David Stanley,14,LinkedIn,Fully Meets,4.6,3,0,02/07/2019,0,20
05/21/79,M ,Married,Active,Production       ,3,0,48285,Production Technician I,MA,2169,US Citizen,No,White,07/02/2012,,0,N/A-StillEmployed,David Stanley,14,LinkedIn,Fully Meets,5,3,0,1/14/2019,0,2
12/08/1983,F,Separated,Active,Production       ,3,0,66149,Production Technician II,MA,1824,US Citizen,No,American Indian or Alaska Native,9/30/2013,,0,N/A-StillEmployed,Kissy Sullivan,20,Google Search,Fully Meets,4.4,5,0,2/21/2019,0,1
10/09/1974,F,Married,Active,Production       ,3,0,49256,Production Technician I,MA,1864,US Citizen,No,Asian,8/19/2013,,0,N/A-StillEmployed,Kissy Sullivan,20,LinkedIn,Fully Meets,4.1,5,0,2/15/2019,0,3
07/11/1981,M ,Divorced,Active,Production       ,3,0,62957,Production Manager,MA,1752,US Citizen,No,White,06/02/2015,,0,N/A-StillEmployed,Janet King,2,Employee Referral,Fully Meets,4.63,3,0,01/04/2019,0,2
05/21/83,F,Divorced,Voluntarily Terminated,Production       ,3,0,63813,Production Technician I,MA,2176,US Citizen,No,White,2/21/2011,01/11/2014,1,more money,Kelley Spirea,18,CareerBuilder,Fully Meets,5,5,0,06/03/2013,0,17
06/30/89,M ,Married,Active,IT/IS,3,0,99020,BI Developer,MA,2134,US Citizen,No,Black or African American,4/20/2017,,0,N/A-StillEmployed,Brian Champaigne,13,Indeed,Fully Meets,4.2,5,5,1/28/2019,0,8
02/09/1969,M ,Single,Voluntarily Terminated,Sales,3,0,71707,Area Sales Manager,TN,37129,US Citizen,No,Two or more races,03/07/2012,10/31/2014,1,relocation out of area,John Smith,17,LinkedIn,Fully Meets,4.5,5,0,02/01/2013,0,20
03/23/77,F,Married,Active,Production       ,3,0,54828,Production Technician I,MA,2127,US Citizen,No,White,11/28/2011,,0,N/A-StillEmployed,Michael Albert,22,Google Search,Fully Meets,4.2,4,0,2/22/2019,0,13
08/10/1988,M ,Single,Active,Production       ,3,0,64246,Production Technician II,MA,2155,US Citizen,Yes,White,11/11/2013,,0,N/A-StillEmployed,Kelley Spirea,18,LinkedIn,Fully Meets,5,3,0,01/08/2019,0,20
08/18/52,F,Single,Voluntarily Terminated,Production       ,3,0,52177,Production Technician I,MA,2324,US Citizen,No,White,01/09/2012,12/15/2015,1,retiring,Webster Butler,39,CareerBuilder,Fully Meets,4.64,4,0,05/02/2015,0,8
05/02/1974,F,Married,Active,Production       ,4,0,62065,Production Technician I,MA,1886,US Citizen,No,White,05/12/2014,,0,N/A-StillEmployed,Amy Dunn,11,CareerBuilder,Exceeds,4.76,4,0,2/15/2019,0,5
01/04/1984,M ,Single,Active,Production       ,3,0,46998,Production Technician I,MA,2149,US Citizen,No,White,8/13/2012,,0,N/A-StillEmployed,Ketsia Liebig,19,Google Search,Fully Meets,4.17,4,0,02/11/2019,0,1
08/27/72,F,Single,Voluntarily Terminated,Production       ,3,0,68099,Production Technician II,MA,2021,US Citizen,No,White,01/10/2011,6/18/2013,1,hours,Kelley Spirea,18,CareerBuilder,Fully Meets,5,3,0,1/30/2013,0,15
09/14/88,M ,Married,Active,Sales,3,0,70545,Area Sales Manager,NH,3062,US Citizen,No,American Indian or Alaska Native,8/18/2014,,0,N/A-StillEmployed,John Smith,17,Indeed,Fully Meets,3.6,5,0,1/30/2019,0,9
02/16/84,F,Married,Voluntarily Terminated,Production       ,3,0,63478,Production Technician II,MA,2445,Non-Citizen,No,White,8/15/2011,04/07/2012,1,relocation out of area,Michael Albert,30,Indeed,Fully Meets,3.03,5,0,03/05/2012,0,16
02/21/84,F,Single,Active,IT/IS,3,0,97999,Database Administrator,MA,2493,US Citizen,No,White,3/30/2015,,0,N/A-StillEmployed,Simon Roup,4,Indeed,Fully Meets,4.48,5,6,01/03/2019,0,4
03/17/66,F,Married,Active,Sales,3,0,180000,Director of Sales,RI,2908,US Citizen,No,White,05/05/2014,,0,N/A-StillEmployed,Janet King,2,LinkedIn,Fully Meets,4.5,4,0,1/21/2019,0,19
09/16/85,F,Married,Terminated for Cause,Admin Offices,3,0,49920,Administrative Assistant,MA,2170,US Citizen,No,Black or African American,2/16/2015,4/15/2015,1,"no-call, no-show",Brandon R. LeBlanc,1,Indeed,Fully Meets,3.24,3,4,4/15/2015,0,6
06/10/1986,F,Single,Active,Production       ,3,0,55425,Production Technician I,MA,2176,US Citizen,No,White,2/20/2012,,0,N/A-StillEmployed,Ketsia Liebig,19,LinkedIn,Fully Meets,4.8,4,0,01/07/2019,0,4
03/11/1984,F,Single,Active,Production       ,3,0,69340,Production Technician II,MA,2021,US Citizen,No,White,06/06/2016,,0,N/A-StillEmployed,Elijiah Gray,16,LinkedIn,Fully Meets,3,5,0,1/18/2019,0,4
05/07/1992,F,Separated,Active,Production       ,3,0,64995,Production Technician II,MA,2351,US Citizen,No,White,06/05/2015,,0,N/A-StillEmployed,Webster Butler,,Indeed,Fully Meets,4.5,3,0,2/14/2019,0,6
09/22/76,F,Divorced,Voluntarily Terminated,Production       ,3,0,68182,Production Technician II,MA,1742,US Citizen,No,White,2/21/2011,04/01/2013,1,unhappy,Amy Dunn,11,Google Search,Fully Meets,3.72,3,0,02/01/2013,0,18
11/15/76,M ,Married,Voluntarily Terminated,Production       ,2,0,83082,Production Manager,MA,2128,US Citizen,No,Asian,2/21/2011,9/24/2012,1,unhappy,Janet King,2,Indeed,Needs Improvement,2.34,2,0,04/12/2012,3,4
01/28/91,F,Single,Active,Production       ,3,0,51908,Production Technician I,MA,1775,US Citizen,No,White,8/19/2013,,0,N/A-StillEmployed,Brannon Miller,12,Indeed,Fully Meets,3.99,3,0,1/14/2019,0,14
09/11/1972,F,Single,Active,Production       ,3,0,61242,Production Technician I,MA,2081,US Citizen,No,Black or African American,11/05/2012,,0,N/A-StillEmployed,David Stanley,14,LinkedIn,Fully Meets,4.1,3,0,1/17/2019,0,7
03/22/66,F,Divorced,Active,Production       ,3,0,45069,Production Technician I,MA,1778,US Citizen,No,White,9/30/2013,,0,N/A-StillEmployed,Kissy Sullivan,20,Employee Referral,Fully Meets,4.3,5,0,2/22/2019,0,7
11/06/1986,F,Divorced,Active,Production       ,4,0,60724,Production Technician II,MA,1821,US Citizen,No,American Indian or Alaska Native,07/05/2011,,0,N/A-StillEmployed,Ketsia Liebig,19,LinkedIn,Exceeds,4.6,4,0,2/25/2019,0,11
04/13/64,F,Separated,Active,Production       ,3,0,60436,Production Technician I,MA,2109,US Citizen,No,White,01/06/2014,,0,N/A-StillEmployed,Kelley Spirea,18,LinkedIn,Fully Meets,5,5,0,1/21/2019,0,9
08/19/59,M ,Married,Voluntarily Terminated,Production       ,4,0,46837,Production Technician I,MA,2445,US Citizen,No,White,11/07/2011,4/29/2018,1,more money,Michael Albert,22,CareerBuilder,Exceeds,4.7,4,0,2/14/2018,0,9
11/07/1986,F,Married,Active,IT/IS,3,0,105700,Database Administrator,MA,2301,US Citizen,No,Asian,01/05/2015,,0,N/A-StillEmployed,Simon Roup,4,Indeed,Fully Meets,3.75,3,5,02/11/2019,0,2
09/08/1969,F,Single,Active,Production       ,4,0,63322,Production Technician II,MA,2128,US Citizen,No,White,07/07/2014,,0,N/A-StillEmployed,Brannon Miller,12,LinkedIn,Exceeds,4.3,3,0,01/11/2019,0,1
04/17/86,F,Married,Voluntarily Terminated,Production       ,3,0,61154,Production Technician I,MA,2446,US Citizen,No,Black or African American,01/10/2011,04/01/2016,1,unhappy,Elijiah Gray,16,CareerBuilder,Fully Meets,4,4,0,02/03/2016,0,4
11/11/1989,F,Single,Voluntarily Terminated,Sales,3,0,68999,Sales Manager,PA,19444,US Citizen,No,White,11/07/2011,4/24/2014,1,maternity leave - did not return,Debra Houlihan,15,Google Search,Fully Meets,4.5,5,0,3/30/2013,0,2
01/19/76,M ,Single,Active,Production       ,3,0,50482,Production Technician I,MA,1887,US Citizen,No,White,9/30/2013,,0,N/A-StillEmployed,Michael Albert,22,Indeed,Fully Meets,3.07,4,0,1/23/2019,0,10
11/27/79,M ,Single,Active,Sales,3,0,65310,Area Sales Manager,CO,80820,US Citizen,No,White,8/19/2013,,0,N/A-StillEmployed,Lynn Daneault,21,Indeed,Fully Meets,4.3,5,0,1/22/2019,0,13
09/21/54,F,Married,Active,Executive Office,3,0,250000,President & CEO,MA,1902,US Citizen,Yes,White,07/02/2012,,0,N/A-StillEmployed,Board of Directors,9,Indeed,Fully Meets,4.83,3,0,1/17/2019,0,10
12/08/1973,F,Married,Voluntarily Terminated,Production       ,3,0,54005,Production Technician I,MA,2170,US Citizen,No,White,9/26/2011,06/04/2015,1,more money,Webster Butler,39,Google Search,Fully Meets,3.6,5,0,03/01/2015,0,16
10/08/1970,F,Married,Voluntarily Terminated,Production       ,3,0,45433,Production Technician I,MA,2127,US Citizen,No,White,9/26/2011,01/09/2014,1,more money,Amy Dunn,11,Google Search,Fully Meets,3.49,4,0,1/30/2013,0,6
11/10/1977,M ,Single,Active,Production       ,3,0,46654,Production Technician I,MA,1721,US Citizen,No,Black or African American,2/17/2014,,0,N/A-StillEmployed,Ketsia Liebig,19,LinkedIn,Fully Meets,3.1,3,0,02/06/2019,0,3
02/02/1980,M ,Married,Active,Production       ,3,0,63973,Production Technician I,MA,1801,US Citizen,No,Asian,01/10/2011,,0,N/A-StillEmployed,Brannon Miller,12,Indeed,Fully Meets,3.38,3,0,1/21/2019,0,17
02/24/69,M ,Single,Active,Sales,3,1,71339,Area Sales Manager,NY,10171,US Citizen,Yes,Black or African American,03/07/2011,,0,N/A-StillEmployed,John Smith,17,Diversity Job Fair,Fully Meets,3.65,5,0,1/17/2019,0,20
04/23/86,M ,Married,Active,IT/IS,3,0,93206,Sr. Network Engineer,MA,2169,US Citizen,No,White,11/10/2014,,0,N/A-StillEmployed,Peter Monroe,7,Employee Referral,Fully Meets,4.46,5,6,01/07/2019,0,7
07/01/1972,M ,Married,Terminated for Cause,Production       ,3,0,82758,Production Manager,MA,1890,US Citizen,No,White,01/10/2011,12/12/2015,1,attendance,Janet King,2,Employee Referral,Fully Meets,4.78,4,0,2/15/2015,0,9
07/25/79,F,Divorced,Voluntarily Terminated,Production       ,3,0,66074,Production Technician II,MA,2090,US Citizen,No,Asian,01/07/2013,3/31/2014,1,Another position,David Stanley,14,Indeed,Fully Meets,4.52,3,0,2/20/2014,0,20
12/09/1986,M ,Married,Active,Production       ,3,0,46120,Production Technician I,MA,2048,US Citizen,No,White,07/09/2012,,0,N/A-StillEmployed,David Stanley,14,LinkedIn,Fully Meets,5,5,0,02/04/2019,0,13
04/26/84,M ,Divorced,Active,Admin Offices,3,0,64520,Accountant I,MA,1460,US Citizen,No,Black or African American,01/06/2014,,0,N/A-StillEmployed,Brandon R. LeBlanc,1,Website,Fully Meets,5,4,4,1/17/2019,0,3
05/09/1984,M ,Married,Voluntarily Terminated,Production       ,3,0,61962,Production Technician II,MA,2126,US Citizen,No,White,04/02/2012,4/15/2013,1,more money,Kissy Sullivan,20,Google Search,Fully Meets,4.9,3,0,2/20/2013,0,20
06/14/87,F,Single,Active,IT/IS,3,0,81584,Senior BI Developer,MA,1886,US Citizen,No,Asian,10/02/2016,,0,N/A-StillEmployed,Brian Champaigne,13,Indeed,Fully Meets,4.1,5,7,01/08/2019,0,2
01/17/79,F,Single,Voluntarily Terminated,Production       ,3,0,63676,Production Technician I,MA,1810,US Citizen,No,Asian,9/26/2011,8/19/2018,1,return to school,Kissy Sullivan,20,CareerBuilder,Fully Meets,4.88,3,0,07/02/2017,0,17
06/10/1984,M ,Married,Active,Admin Offices,3,0,93046,Shared Services Manager,MA,1460,US Citizen,No,White,01/05/2016,,0,N/A-StillEmployed,Janet King,2,CareerBuilder,Fully Meets,4.1,4,0,1/28/2019,0,20
09/02/1982,M ,Married,Active,Production       ,3,0,64738,Production Technician I,MA,1776,US Citizen,No,Asian,5/14/2012,,0,N/A-StillEmployed,Elijiah Gray,16,Google Search,Fully Meets,4.1,3,0,2/22/2019,0,10
12/27/88,M ,Separated,Active,Sales,3,0,70468,Area Sales Manager,UT,84111,US Citizen,No,Black or African American,4/30/2012,,0,N/A-StillEmployed,John Smith,17,Website,Fully Meets,4.53,3,0,1/29/2019,0,16
10/26/81,F,Married,Active,Production       ,4,0,77915,Production Manager,MA,2110,US Citizen,No,White,9/30/2013,,0,N/A-StillEmployed,Janet King,2,Website,Exceeds,4.1,3,0,1/21/2019,0,11
03/26/81,F,Married,Voluntarily Terminated,Production       ,3,0,52624,Production Technician I,MA,1886,US Citizen,No,White,07/05/2011,9/26/2018,1,unhappy,Michael Albert,22,Indeed,Fully Meets,3.18,4,0,03/02/2018,0,16
03/19/79,M ,Married,Active,Production       ,3,0,63450,Production Technician II,MA,1770,US Citizen,No,White,07/08/2013,,0,N/A-StillEmployed,Kelley Spirea,18,LinkedIn,Fully Meets,4,3,0,2/18/2019,0,7
10/05/1988,F,Single,Active,IT/IS,4,1,51777,IT Support,CT,6070,US Citizen,Yes,Black or African American,1/21/2011,,0,N/A-StillEmployed,Eric Dougall,6,Diversity Job Fair,Exceeds,4.64,4,5,1/25/2019,0,14
12/26/76,F,Widowed,Voluntarily Terminated,Production       ,3,0,67237,Production Technician II,MA,2122,US Citizen,No,White,07/08/2013,9/15/2016,1,more money,Michael Albert,22,LinkedIn,Fully Meets,4.65,4,0,06/10/2016,0,15
03/28/82,F,Single,Active,Production       ,4,0,73330,Production Technician II,MA,2324,US Citizen,No,Black or African American,8/19/2013,,0,N/A-StillEmployed,Elijiah Gray,16,Indeed,Exceeds,4.2,4,0,02/12/2019,0,19
10/22/75,F,Married,Active,Production       ,3,0,52057,Production Technician I,MA,2122,US Citizen,No,Black or African American,2/16/2015,,0,N/A-StillEmployed,Elijiah Gray,16,Website,Fully Meets,5,3,0,1/23/2019,0,6
02/14/73,F,Single,Voluntarily Terminated,Production       ,4,1,47434,Production Technician I,MA,1844,US Citizen,Yes,Black or African American,11/07/2011,11/14/2015,1,Another position,Webster Butler,39,Diversity Job Fair,Exceeds,5,4,0,02/02/2015,0,17
11/09/1972,M ,Widowed,Voluntarily Terminated,Production       ,3,0,52788,Production Technician I,MA,1938,US Citizen,No,White,9/24/2012,9/26/2017,1,hours,Amy Dunn,11,Indeed,Fully Meets,3.08,4,0,04/01/2017,0,18
07/07/1986,F,Single,Active,Production       ,3,0,45395,Production Technician I,MA,2189,US Citizen,No,White,01/06/2014,,0,N/A-StillEmployed,Ketsia Liebig,19,LinkedIn,Fully Meets,4.6,4,0,2/26/2019,0,14
08/25/76,F,Married,Active,Production       ,3,0,62385,Production Technician II,MA,2324,US Citizen,No,White,05/11/2016,,0,N/A-StillEmployed,Webster Butler,,LinkedIn,Fully Meets,5,3,0,1/21/2019,0,4
12/10/1986,F,Married,Voluntarily Terminated,Production       ,3,0,68407,Production Technician II,MA,2176,US Citizen,No,Two or more races,07/05/2011,8/19/2012,1,Another position,Amy Dunn,11,LinkedIn,Fully Meets,5,4,0,07/02/2012,0,16
11/07/1974,F,Married,Active,Production       ,3,0,61349,Production Technician I,MA,2451,US Citizen,No,White,11/11/2013,,0,N/A-StillEmployed,Brannon Miller,12,LinkedIn,Fully Meets,4.1,3,0,1/22/2019,0,11
11/07/1987,F,Single,Active,Software Engineering,3,0,105688,Software Engineer,MA,2135,US Citizen,No,Asian,11/11/2013,,0,N/A-StillEmployed,Alex Sweetwater,10,Google Search,Fully Meets,4.5,5,4,1/14/2019,0,14
11/22/77,F,Married,Active,Production       ,3,0,54132,Production Technician I,MA,2330,US Citizen,No,White,5/31/2011,,0,N/A-StillEmployed,David Stanley,14,Indeed,Fully Meets,5,4,0,01/10/2019,0,8
05/21/87,F,Single,Active,Production       ,3,0,55315,Production Technician II,MA,2149,US Citizen,No,Black or African American,3/30/2015,,0,N/A-StillEmployed,Ketsia Liebig,19,LinkedIn,Fully Meets,5,5,0,02/07/2019,0,16
01/07/1987,F,Married,Active,Production       ,3,0,62810,Production Technician I,MA,2184,US Citizen,No,Black or African American,01/07/2013,,0,N/A-StillEmployed,Kissy Sullivan,20,CareerBuilder,Fully Meets,3.93,3,0,1/30/2019,0,20
07/01/1984,M ,Married,Active,Sales,3,0,63291,Area Sales Manager,TX,78789,US Citizen,No,Two or more races,07/06/2016,,0,N/A-StillEmployed,Lynn Daneault,21,Website,Fully Meets,3.4,4,0,1/29/2019,0,7
05/30/68,F,Single,Voluntarily Terminated,Production       ,3,1,62659,Production Technician I,MA,1760,US Citizen,No,Black or African American,04/02/2012,11/11/2016,1,Another position,Kelley Spirea,18,Diversity Job Fair,Fully Meets,4.18,4,0,02/05/2016,0,17
09/22/76,F,Single,Active,Production       ,3,0,55688,Production Technician I,MA,2346,US Citizen,No,White,3/30/2015,,0,N/A-StillEmployed,Michael Albert,22,CareerBuilder,Fully Meets,5,4,0,1/21/2019,0,10
08/10/1981,M ,Single,Active,Production       ,3,0,83667,Production Manager,MA,2045,US Citizen,yes,Hispanic,8/16/2012,,0,N/A-StillEmployed,Janet King,2,Indeed,Fully Meets,4.37,3,0,1/14/2019,0,2
06/29/85,M ,Single,Voluntarily Terminated,Production       ,1,0,55800,Production Technician II,MA,2472,US Citizen,No,White,8/15/2011,09/04/2014,1,unhappy,Brannon Miller,12,LinkedIn,PIP,3,2,0,1/14/2013,6,6
08/17/92,M ,Married,Active,Production       ,3,0,58207,Production Technician II,MA,1450,US Citizen,No,White,11/07/2011,,0,N/A-StillEmployed,David Stanley,14,LinkedIn,Fully Meets,3.7,3,0,01/08/2019,0,14
10/05/1986,M ,Married,Active,IT/IS,2,1,157000,IT Manager - Infra,MA,2134,Eligible NonCitizen,Yes,Black or African American,2/15/2012,,0,N/A-StillEmployed,Jennifer Zamora,5,Diversity Job Fair,Needs Improvement,2.39,3,6,2/22/2019,4,13
04/24/70,F,Single,Active,Production       ,4,0,72460,Production Technician II,MA,2126,US Citizen,No,Black or African American,5/13/2013,,0,N/A-StillEmployed,Kissy Sullivan,20,Indeed,Exceeds,4.7,3,0,1/14/2019,0,1
12/03/1976,M ,Single,Active,Production       ,3,1,72106,Production Technician II,MA,2127,US Citizen,No,Black or African American,01/09/2012,,0,N/A-StillEmployed,Kelley Spirea,18,Diversity Job Fair,Fully Meets,4.1,4,0,1/31/2019,0,12
04/04/1979,F,Married,Active,IT/IS,3,0,52599,Network Engineer,MA,2048,US Citizen,No,White,2/16/2015,,0,N/A-StillEmployed,Peter Monroe,7,CareerBuilder,Fully Meets,3.81,3,6,02/11/2019,0,6
07/07/1984,F,Divorced,Active,Production       ,3,0,63430,Production Technician I,MA,2453,US Citizen,No,White,04/01/2013,,0,N/A-StillEmployed,Elijiah Gray,16,LinkedIn,Fully Meets,4.4,4,0,1/17/2019,0,18
12/01/1974,M ,Separated,Active,Production       ,3,0,74417,Production Technician II,MA,1460,US Citizen,No,Black or African American,5/13/2013,,0,N/A-StillEmployed,Michael Albert,22,LinkedIn,Fully Meets,4.29,5,0,1/28/2019,0,11
04/18/80,M ,Single,Active,Production       ,3,0,57575,Production Technician I,MA,1550,US Citizen,No,Asian,07/08/2013,,0,N/A-StillEmployed,Kissy Sullivan,20,LinkedIn,Fully Meets,4.1,4,0,1/22/2019,0,13
04/25/70,M ,Single,Active,IT/IS,3,0,87921,Senior BI Developer,MA,2056,US Citizen,No,Asian,02/10/2017,,0,N/A-StillEmployed,Brian Champaigne,13,Indeed,Fully Meets,5,3,6,2/25/2019,0,17
05/02/1989,M ,Single,Voluntarily Terminated,Production       ,3,1,50470,Production Technician I,MA,2110,US Citizen,No,Black or African American,9/26/2011,04/04/2014,1,return to school,Webster Butler,39,Diversity Job Fair,Fully Meets,4.3,3,0,03/02/2013,0,19
03/28/83,M ,Married,Voluntarily Terminated,Production       ,3,0,46664,Production Technician I,MA,2421,US Citizen,No,White,04/01/2013,5/25/2016,1,more money,Amy Dunn,11,Employee Referral,Fully Meets,3.18,3,0,03/06/2016,0,10
04/08/1977,M ,Married,Active,Production       ,3,0,48495,Production Technician I,MA,2136,US Citizen,No,White,05/12/2014,,0,N/A-StillEmployed,Ketsia Liebig,19,LinkedIn,Fully Meets,5,5,0,2/18/2019,0,11
06/03/1967,F,Separated,Active,Production       ,4,1,52984,Production Technician I,MA,1810,US Citizen,No,Black or African American,04/01/2013,,0,N/A-StillEmployed,Brannon Miller,12,Diversity Job Fair,Exceeds,4,3,0,2/13/2019,0,12
03/31/89,F,Single,Active,Sales,3,0,63695,Area Sales Manager,GA,30428,US Citizen,No,Two or more races,07/08/2013,,0,N/A-StillEmployed,Lynn Daneault,21,Indeed,Fully Meets,5,5,0,1/25/2019,0,2
07/07/1984,F,Single,Active,Production       ,3,0,62061,Production Technician I,MA,2132,US Citizen,No,White,07/08/2013,,0,N/A-StillEmployed,David Stanley,14,LinkedIn,Fully Meets,3.6,5,0,01/02/2019,0,4
11/23/85,F,Single,Active,Production       ,3,0,66738,Production Technician II,MA,1040,US Citizen,No,White,11/10/2014,,0,N/A-StillEmployed,Elijiah Gray,16,Indeed,Fully Meets,4.53,5,0,1/16/2019,0,5
09/30/80,F,Single,Terminated for Cause,Production       ,1,0,52674,Production Technician I,MA,2152,US Citizen,No,Two or more races,3/31/2014,05/01/2018,1,performance,Kissy Sullivan,20,LinkedIn,PIP,2.33,2,0,03/09/2018,6,3
02/11/1952,F,Married,Voluntarily Terminated,Production       ,3,0,71966,Production Technician II,MA,2492,US Citizen,No,Asian,5/14/2012,8/19/2013,1,unhappy,Webster Butler,39,LinkedIn,Fully Meets,5,3,0,07/02/2013,0,17
05/11/1990,F,Single,Active,Sales,3,0,63051,Area Sales Manager,FL,33174,US Citizen,Yes,White,9/30/2013,,0,N/A-StillEmployed,Lynn Daneault,21,Indeed,Fully Meets,4.28,3,0,1/25/2019,0,1
12/11/1976,M ,Married,Active,Production       ,4,0,47414,Production Technician I,MA,2478,US Citizen,No,White,9/30/2013,,0,N/A-StillEmployed,Kelley Spirea,18,LinkedIn,Exceeds,5,3,0,02/07/2019,0,13
11/24/79,M ,Single,Active,Production       ,2,0,53060,Production Technician I,MA,1760,US Citizen,No,Black or African American,2/17/2014,,0,N/A-StillEmployed,Michael Albert,22,LinkedIn,Needs Improvement,4.25,3,0,02/04/2019,4,6
05/19/82,M ,Single,Active,Sales,3,0,68829,Area Sales Manager,NC,27229,US Citizen,No,White,01/05/2015,,0,N/A-StillEmployed,John Smith,17,Website,Fully Meets,5,5,0,1/14/2019,0,18
05/01/1979,F,Married,Voluntarily Terminated,Production       ,3,0,63515,Production Technician I,MA,2351,US Citizen,No,White,02/07/2011,01/12/2014,1,Another position,Elijiah Gray,16,Google Search,Fully Meets,3.89,4,0,03/04/2013,0,7
02/20/79,M ,Single,Voluntarily Terminated,Software Engineering,4,1,108987,Software Engineer,MA,1844,US Citizen,No,Black or African American,11/07/2011,09/07/2015,1,Another position,Alex Sweetwater,10,Diversity Job Fair,Exceeds,5,5,3,8/16/2015,0,13
09/05/1984,M ,Married,Voluntarily Terminated,IT/IS,3,0,93093,Data Analyst,MA,2747,US Citizen,No,White,12/01/2014,05/01/2016,1,performance,Simon Roup,4,Employee Referral,Fully Meets,4.7,4,5,1/16/2016,0,19
03/17/88,M ,Single,Voluntarily Terminated,Production       ,2,0,53564,Production Technician I,MA,2458,US Citizen,No,Black or African American,01/10/2011,12/28/2017,1,career change,Webster Butler,39,Google Search,Needs Improvement,3.54,5,0,04/06/2017,4,15
07/18/89,F,Married,Voluntarily Terminated,Production       ,2,0,60270,Production Technician II,MA,2472,US Citizen,No,Asian,07/05/2011,9/15/2015,1,unhappy,Amy Dunn,11,CareerBuilder,Needs Improvement,2.4,5,0,02/06/2015,5,2
07/20/86,F,Single,Voluntarily Terminated,Production       ,3,0,45998,Production Technician I,MA,2176,US Citizen,No,White,5/16/2011,10/25/2015,1,medical issues,Amy Dunn,11,LinkedIn,Fully Meets,3.45,4,0,5/13/2014,0,5
08/17/86,F,Married,Voluntarily Terminated,Production       ,4,0,57954,Production Technician II,MA,1886,US Citizen,No,White,5/16/2011,02/04/2013,1,more money,Ketsia Liebig,19,Indeed,Exceeds,4.2,5,0,01/10/2013,0,12
05/09/1977,F,Married,Voluntarily Terminated,Production       ,3,0,74669,Production Manager,MA,2030,US Citizen,No,White,10/25/2010,5/18/2016,1,Another position,Janet King,2,Indeed,Fully Meets,4.16,5,0,03/05/2015,0,6
03/10/1979,F,Married,Active,Production       ,3,0,74226,Production Technician II,MA,2050,Eligible NonCitizen,No,Asian,04/02/2012,,0,N/A-StillEmployed,Brannon Miller,12,LinkedIn,Fully Meets,4.3,3,0,1/14/2019,0,14
09/16/84,F,Married,Active,IT/IS,4,0,93554,Data Analyst,MA,1886,US Citizen,No,Black or African American,11/10/2014,,0,N/A-StillEmployed,Simon Roup,4,Employee Referral,Exceeds,4.6,5,7,01/04/2019,0,16
03/06/1988,M ,Married,Voluntarily Terminated,Production       ,3,0,64724,Production Technician I,MA,2451,US Citizen,No,Asian,07/05/2011,11/30/2012,1,more money,Brannon Miller,12,Google Search,Fully Meets,5,3,0,2/20/2012,0,13
11/23/81,M ,Single,Active,Production       ,3,0,47001,Production Technician I,MA,2451,US Citizen,No,White,11/05/2007,,0,N/A-StillEmployed,David Stanley,14,Google Search,Fully Meets,3.66,3,0,2/25/2019,0,15
08/29/88,F,Married,Active,Sales,3,0,61844,Area Sales Manager,KY,40220,US Citizen,No,Black or African American,01/09/2012,,0,N/A-StillEmployed,Lynn Daneault,21,Website,Fully Meets,4.2,5,0,02/01/2019,0,9
10/15/84,F,Divorced,Voluntarily Terminated,Production       ,3,0,46799,Production Technician I,MA,1742,Eligible NonCitizen,No,Asian,5/16/2011,06/04/2018,1,Another position,Kissy Sullivan,20,Google Search,Fully Meets,3.17,4,0,04/02/2018,0,14
06/19/61,M ,Single,Active,Production       ,3,0,59472,Production Technician I,MA,2109,US Citizen,No,White,01/06/2014,,0,N/A-StillEmployed,Kelley Spirea,18,Employee Referral,Fully Meets,4.8,3,0,01/07/2019,0,14
09/22/70,F,Divorced,Voluntarily Terminated,Production       ,3,0,46430,Production Technician I,MA,2474,US Citizen,No,White,9/24/2012,6/18/2013,1,unhappy,Kissy Sullivan,20,Indeed,Fully Meets,4.5,5,0,04/02/2013,0,16
11/06/1984,M ,Married,Voluntarily Terminated,Software Engineering,3,1,83363,Software Engineer,MA,2045,Eligible NonCitizen,No,Black or African American,2/21/2011,8/15/2015,1,career change,Janet King,2,Diversity Job Fair,Fully Meets,4.15,4,0,4/19/2014,0,4
05/12/1980,F,Married,Active,IT/IS,3,0,95920,BI Developer,MA,2110,US Citizen,No,Black or African American,10/02/2016,,0,N/A-StillEmployed,Brian Champaigne,13,Indeed,Fully Meets,4.4,4,6,02/06/2019,0,10
12/31/84,M ,Divorced,Voluntarily Terminated,Production       ,3,0,61729,Production Technician I,MA,2478,US Citizen,No,White,9/26/2011,04/07/2018,1,more money,Michael Albert,22,Indeed,Fully Meets,3.8,5,0,02/04/2018,0,19
10/12/1954,M ,Married,Active,Sales,3,0,61809,Area Sales Manager,ID,83706,US Citizen,No,White,05/12/2014,,0,N/A-StillEmployed,John Smith,17,CareerBuilder,Fully Meets,3.98,3,0,1/28/2019,0,4
07/22/82,M ,Divorced,Voluntarily Terminated,Production       ,3,0,45115,Production Technician I,MA,2176,US Citizen,Yes,White,5/16/2011,1/15/2016,1,retiring,Elijiah Gray,16,LinkedIn,Fully Meets,5,4,0,3/30/2015,0,11
01/12/1973,F,Married,Active,Production       ,4,0,46738,Production Technician I,MA,2171,US Citizen,No,Asian,11/28/2011,,0,N/A-StillEmployed,Webster Butler,,Google Search,Exceeds,4.36,5,0,02/11/2019,0,16
09/05/1981,F,Divorced,Voluntarily Terminated,Production       ,3,0,64971,Production Technician II,MA,1902,Eligible NonCitizen,No,Black or African American,9/26/2011,10/22/2011,1,return to school,David Stanley,14,Google Search,Fully Meets,4.5,4,0,10/22/2011,0,10
07/03/1972,M ,Married,Voluntarily Terminated,Production       ,3,0,55578,Production Technician II,MA,2138,US Citizen,No,White,07/05/2011,02/08/2012,1,Another position,Kissy Sullivan,20,Indeed,Fully Meets,4.2,5,0,01/06/2012,0,13
01/07/1974,M ,Married,Voluntarily Terminated,Production       ,3,0,50428,Production Technician I,MA,1420,US Citizen,No,Black or African American,01/10/2011,1/26/2016,1,attendance,Amy Dunn,11,Indeed,Fully Meets,5,3,0,01/10/2015,0,11
01/07/1985,F,Married,Terminated for Cause,Production       ,2,0,61422,Production Technician I,MA,1460,US Citizen,No,White,01/10/2011,5/17/2016,1,attendance,Ketsia Liebig,19,Indeed,Needs Improvement,3.6,3,0,04/05/2016,4,16
01/28/85,M ,Widowed,Active,Production       ,4,0,63353,Production Technician I,MA,1730,US Citizen,No,White,07/08/2013,,0,N/A-StillEmployed,Brannon Miller,12,Employee Referral,Exceeds,3.6,5,0,02/11/2019,0,4
10/11/1981,F,Married,Active,IT/IS,3,0,89883,Data Analyst,MA,1886,US Citizen,No,White,2/16/2015,,0,N/A-StillEmployed,Simon Roup,4,Employee Referral,Fully Meets,3.69,5,6,2/14/2019,0,15
05/27/73,F,Single,Voluntarily Terminated,IT/IS,3,0,120000,Principal Data Architect,MA,2703,US Citizen,Yes,White,01/05/2015,11/10/2018,1,Another position,Simon Roup,4,LinkedIn,Fully Meets,3.88,3,7,2/13/2018,0,12
11/21/72,F,Single,Active,IT/IS,3,0,150290,Data Architect,MA,2056,US Citizen,No,Black or African American,01/07/2017,,0,N/A-StillEmployed,Brian Champaigne,13,Indeed,Fully Meets,4.94,3,5,02/06/2019,0,17
12/05/1974,F,Separated,Active,Production       ,3,0,60627,Production Technician I,MA,1886,US Citizen,No,White,01/06/2014,,0,N/A-StillEmployed,David Stanley,14,Website,Fully Meets,5,4,0,1/31/2019,0,8
03/18/87,M ,Single,Voluntarily Terminated,Production       ,3,0,53180,Production Technician I,MA,2155,US Citizen,No,White,04/04/2011,8/13/2018,1,Another position,Kissy Sullivan,20,Google Search,Fully Meets,5,5,0,07/02/2018,0,4
04/05/1973,M ,Single,Active,IT/IS,3,0,140920,IT Manager - DB,MA,2481,US Citizen,No,White,1/20/2013,,0,N/A-StillEmployed,Jennifer Zamora,5,Indeed,Fully Meets,3.6,5,7,2/18/2019,0,13
01/04/1964,M ,Divorced,Voluntarily Terminated,IT/IS,3,1,148999,IT Manager - DB,MA,1915,US Citizen,No,Black or African American,01/09/2012,11/04/2015,1,hours,Jennifer Zamora,5,Diversity Job Fair,Fully Meets,4.3,4,6,01/04/2015,0,8
07/24/86,F,Married,Active,Software Engineering,3,0,86214,Software Engineer,MA,2132,US Citizen,No,White,11/05/2012,,0,N/A-StillEmployed,Alex Sweetwater,10,Indeed,Fully Meets,4.2,3,6,2/13/2019,0,2
06/06/1968,F,Single,Active,Production       ,2,1,47750,Production Technician I,MA,1801,US Citizen,No,Black or African American,07/04/2016,,0,N/A-StillEmployed,Kelley Spirea,18,Diversity Job Fair,Needs Improvement,2.6,4,0,2/18/2019,5,4
12/21/74,M ,Single,Voluntarily Terminated,Production       ,3,0,46428,Production Technician I,MA,2148,US Citizen,No,White,01/05/2009,7/30/2018,1,relocation out of area,Michael Albert,22,Google Search,Fully Meets,4.6,5,0,02/05/2018,0,7
04/26/86,M ,Married,Active,Production       ,3,0,57975,Production Technician II,MA,2062,US Citizen,No,White,8/30/2010,,0,N/A-StillEmployed,Kelley Spirea,18,CareerBuilder,Fully Meets,4.1,3,0,01/10/2019,0,13
12/17/87,M ,Divorced,Voluntarily Terminated,IT/IS,3,0,88527,Data Analyst ,MA,2452,US Citizen,No,Black or African American,01/05/2015,10/31/2015,1,hours,Simon Roup,4,LinkedIn,Fully Meets,4.2,3,5,4/20/2015,0,2
07/10/1988,F,Married,Active,Production       ,3,0,56147,Production Technician I,MA,2154,US Citizen,No,Black or African American,9/29/2014,,0,N/A-StillEmployed,Elijiah Gray,16,LinkedIn,Fully Meets,3.51,3,0,2/18/2019,0,2
03/10/1975,F,Single,Active,Production       ,3,0,50923,Production Technician I,MA,2191,US Citizen,No,Asian,9/30/2013,,0,N/A-StillEmployed,Webster Butler,,Google Search,Fully Meets,5,5,0,02/06/2019,0,14
04/14/81,F,Married,Active,IT/IS,3,0,50750,Network Engineer,MA,1773,US Citizen,No,White,9/30/2014,,0,N/A-StillEmployed,Peter Monroe,7,LinkedIn,Fully Meets,3.31,3,6,01/07/2019,0,7
08/24/85,F,Married,Active,Production       ,3,0,52087,Production Technician I,MA,2149,US Citizen,No,White,8/19/2013,,0,N/A-StillEmployed,Amy Dunn,11,LinkedIn,Fully Meets,4.81,4,0,2/15/2019,0,15
02/08/1970,M ,Married,Active,IT/IS,3,0,87826,Data Analyst,MA,2110,US Citizen,Yes,White,01/05/2015,,0,N/A-StillEmployed,Simon Roup,4,Employee Referral,Fully Meets,3.32,3,7,1/14/2019,0,16
05/19/88,F,Single,Active,Admin Offices,3,0,51920,Administrative Assistant,MA,2330,US Citizen,No,White,05/01/2015,,0,N/A-StillEmployed,Brandon R. LeBlanc,1,Website,Fully Meets,5,3,5,1/15/2019,0,2
11/25/87,F,Single,Voluntarily Terminated,Production       ,3,0,63878,Production Technician II,MA,1851,US Citizen,No,White,10/26/2009,04/08/2015,1,maternity leave - did not return,Michael Albert,22,CareerBuilder,Fully Meets,4.68,4,0,04/02/2015,0,20
10/30/63,M ,Single,Active,Production       ,4,0,60656,Production Technician II,MA,2045,US Citizen,No,White,9/29/2014,,0,N/A-StillEmployed,Elijiah Gray,16,Indeed,Exceeds,4.3,3,0,1/28/2019,0,4
08/16/84,M ,Divorced,Active,Sales,2,1,72992,Sales Manager,MA,1886,US Citizen,No,Black or African American,5/18/2014,,0,N/A-StillEmployed,Debra Houlihan,15,Diversity Job Fair,Needs Improvement,2.4,4,0,1/16/2019,2,16
06/14/87,F,Married,Voluntarily Terminated,Admin Offices,3,1,55000,Administrative Assistant,MA,1844,US Citizen,No,Black or African American,9/26/2011,9/25/2013,1,career change,Brandon R. LeBlanc,1,Diversity Job Fair,Fully Meets,3.8,4,4,8/15/2013,0,17
02/02/1965,F,Single,Active,Production       ,3,0,58939,Production Technician I,MA,2130,US Citizen,No,White,11/11/2013,,0,N/A-StillEmployed,Ketsia Liebig,19,Employee Referral,Fully Meets,3.73,3,0,1/24/2019,0,16
03/12/1973,F,Married,Active,IT/IS,3,0,66593,IT Support,MA,2360,US Citizen,No,Black or African American,06/10/2011,,0,N/A-StillEmployed,Eric Dougall,6,LinkedIn,Fully Meets,4.3,3,5,02/08/2019,0,19
02/09/1983,M ,Married,Active,IT/IS,3,0,87565,Sr. Network Engineer,MA,1545,US Citizen,No,Asian,6/30/2016,,0,N/A-StillEmployed,Peter Monroe,7,LinkedIn,Fully Meets,3.27,4,5,1/14/2019,0,13
07/20/68,F,Married,Active,Production       ,1,0,64021,Production Technician I,MA,2093,US Citizen,No,White,2/20/2012,,0,N/A-StillEmployed,Brannon Miller,12,Indeed,PIP,2.4,2,1,2/25/2019,6,20
09/30/75,F,Married,Active,Production       ,3,0,65714,Production Manager,MA,2451,US Citizen,No,White,10/02/2012,,0,N/A-StillEmployed,Janet King,2,LinkedIn,Fully Meets,4.83,5,0,2/14/2019,0,15
03/26/73,F,Divorced,Voluntarily Terminated,Production       ,4,0,62425,Production Technician I,MA,2359,US Citizen,No,White,5/13/2013,6/29/2015,1,unhappy,David Stanley,14,LinkedIn,Exceeds,4.1,4,0,03/02/2015,0,16
08/25/82,F,Divorced,Active,Production       ,3,0,47961,Production Technician I,MA,2050,US Citizen,No,Two or more races,01/10/2011,,0,N/A-StillEmployed,Kissy Sullivan,20,Google Search,Fully Meets,4.1,4,0,02/07/2019,0,9
05/09/1974,M ,Married,Active,Sales,1,0,58273,Area Sales Manager,NV,89139,US Citizen,No,White,05/12/2014,,0,N/A-StillEmployed,Lynn Daneault,21,Website,PIP,1.81,2,0,1/17/2019,3,5
09/01/1986,M ,Single,Active,Admin Offices,3,0,63003,Accountant I,MA,2703,US Citizen,No,White,9/29/2014,,0,N/A-StillEmployed,Brandon R. LeBlanc,1,Indeed,Fully Meets,3.9,5,5,1/18/2019,0,9
03/14/85,M ,Married,Active,Production       ,3,0,61355,Production Technician I,MA,2301,US Citizen,No,Asian,2/17/2014,,0,N/A-StillEmployed,Kelley Spirea,18,LinkedIn,Fully Meets,4.7,3,0,01/11/2019,0,4
05/12/1989,F,Married,Active,Sales,3,0,60120,Area Sales Manager,MT,59102,US Citizen,No,Black or African American,9/27/2010,,0,N/A-StillEmployed,John Smith,17,Indeed,Fully Meets,4.1,4,0,1/31/2019,0,18
03/28/78,F,Married,Active,Production       ,3,0,63682,Production Manager,MA,1776,US Citizen,No,Black or African American,01/08/2009,,0,N/A-StillEmployed,Janet King,2,Indeed,Fully Meets,3.73,4,0,1/24/2019,0,12
10/07/1982,M ,Married,Active,Production       ,3,0,63025,Production Technician I,MA,2747,US Citizen,Yes,White,01/05/2015,,0,N/A-StillEmployed,Michael Albert,22,Google Search,Fully Meets,4.36,5,0,1/24/2019,0,10
08/15/68,F,Single,Active,Production       ,3,0,59238,Production Technician I,MA,2718,Eligible NonCitizen,No,Asian,5/14/2012,,0,N/A-StillEmployed,Elijiah Gray,16,Indeed,Fully Meets,3.4,5,0,1/31/2019,0,13
05/06/1983,M ,Single,Active,Software Engineering,4,0,92989,Software Engineer,MA,2140,US Citizen,No,White,07/07/2014,,0,N/A-StillEmployed,Alex Sweetwater,10,LinkedIn,Exceeds,4.5,5,5,2/18/2019,0,1
10/24/87,M ,Married,Active,IT/IS,3,0,90100,BI Developer,MA,2134,US Citizen,No,White,4/20/2017,,0,N/A-StillEmployed,Brian Champaigne,13,Indeed,Fully Meets,3.4,3,6,01/02/2019,0,14
04/03/1975,F,Married,Voluntarily Terminated,Production       ,3,1,60754,Production Technician I,MA,1801,Non-Citizen,No,Black or African American,4/27/2009,04/01/2013,1,Another position,Webster Butler,39,Diversity Job Fair,Fully Meets,4.5,5,0,2/15/2012,0,11
05/24/53,F,Married,Voluntarily Terminated,Production       ,3,0,72202,Production Technician II,MA,2129,US Citizen,No,White,5/16/2011,07/08/2017,1,Another position,Elijiah Gray,16,Google Search,Fully Meets,3.93,3,0,4/18/2017,0,3
05/07/1965,F,Single,Active,Sales,3,0,58370,Area Sales Manager,OR,97756,US Citizen,No,Black or African American,9/29/2014,,0,N/A-StillEmployed,Lynn Daneault,21,Indeed,Fully Meets,3.69,3,0,1/28/2019,0,18
05/09/1965,F,Single,Voluntarily Terminated,Production       ,3,0,48413,Production Technician I,MA,2066,US Citizen,No,White,07/05/2011,09/05/2016,1,return to school,Amy Dunn,11,Indeed,Fully Meets,3.98,4,0,03/02/2016,0,1
09/16/75,M ,Widowed,Voluntarily Terminated,Production       ,3,0,67176,Production Technician II,MA,2472,US Citizen,No,White,6/25/2007,8/30/2010,1,military,Webster Butler,39,Other,Fully Meets,4.1,4,0,7/14/2010,0,15
06/05/1967,F,Divorced,Active,Production       ,3,0,56339,Production Technician I,MA,2093,US Citizen,No,Black or African American,2/18/2013,,0,N/A-StillEmployed,Brannon Miller,12,Indeed,Fully Meets,4.21,5,0,1/14/2019,0,4
01/15/68,M ,Separated,Active,Sales,4,0,64397,Area Sales Manager,ND,58782,US Citizen,No,White,01/09/2006,,0,N/A-StillEmployed,Lynn Daneault,21,Indeed,Exceeds,4.1,3,0,01/04/2019,0,6
05/16/83,F,Single,Active,Production       ,2,0,63025,Production Technician I,MA,2021,US Citizen,No,White,2/17/2014,,0,N/A-StillEmployed,David Stanley,14,LinkedIn,Needs Improvement,2.44,5,0,02/11/2019,4,18
05/05/1988,M ,Married,Voluntarily Terminated,IT/IS,3,0,75281,Network Engineer,MA,1420,US Citizen,No,White,01/05/2015,02/12/2016,1,medical issues,Peter Monroe,7,CareerBuilder,Fully Meets,5,3,5,4/15/2015,0,11
06/14/83,M ,Single,Voluntarily Terminated,Software Engineering,3,1,100416,Software Engineer,MA,2451,Non-Citizen,No,Black or African American,2/18/2013,4/15/2018,1,medical issues,Alex Sweetwater,10,Diversity Job Fair,Fully Meets,4.6,3,4,02/12/2017,0,9
03/15/85,F,Single,Voluntarily Terminated,Production       ,3,0,74813,Production Technician II,MA,1778,US Citizen,No,White,01/10/2011,07/02/2014,1,unhappy,Amy Dunn,11,LinkedIn,Fully Meets,4.4,3,0,01/05/2014,0,5
03/31/69,M ,Married,Active,IT/IS,3,0,76029,Network Engineer,MA,2343,Eligible NonCitizen,No,White,3/30/2015,,0,N/A-StillEmployed,Peter Monroe,7,Employee Referral,Fully Meets,5,4,7,1/14/2019,0,8
05/23/91,F,Married,Active,Sales,3,0,57859,Area Sales Manager,AZ,85006,US Citizen,No,Two or more races,07/05/2011,,0,N/A-StillEmployed,John Smith,17,Indeed,Fully Meets,2.81,3,0,1/17/2019,0,16
01/31/87,M ,Divorced,Voluntarily Terminated,Production       ,4,0,58523,Production Technician I,MA,2171,US Citizen,No,White,8/13/2012,02/05/2016,1,maternity leave - did not return,Kissy Sullivan,20,LinkedIn,Exceeds,4.5,5,0,02/01/2016,0,15
10/10/1968,M ,Divorced,Active,Production       ,3,0,88976,Production Manager,MA,2169,US Citizen,No,White,08/01/2011,,0,N/A-StillEmployed,Janet King,2,Employee Referral,Fully Meets,3.93,3,0,2/27/2019,0,19
07/11/1989,M ,Single,Active,Sales,3,0,55875,Area Sales Manager,ME,4063,US Citizen,No,Asian,03/05/2012,,0,N/A-StillEmployed,John Smith,17,Website,Fully Meets,4.5,4,0,1/18/2019,0,11
08/07/1986,M ,Married,Terminated for Cause,IT/IS,3,0,113999,Database Administrator,MA,1960,US Citizen,No,Black or African American,2/16/2015,2/22/2017,1,"no-call, no-show",Simon Roup,4,Employee Referral,Fully Meets,4.33,3,7,2/15/2017,0,9
06/03/1986,F,Married,Terminated for Cause,Production       ,4,0,49773,Production Technician I,MA,2747,US Citizen,No,White,9/26/2011,02/08/2016,1,gross misconduct,Kelley Spirea,18,Google Search,Exceeds,4.3,5,0,02/01/2015,0,18
04/06/1985,F,Single,Active,Production       ,3,0,62068,Production Technician I,MA,2124,US Citizen,No,White,07/05/2015,,0,N/A-StillEmployed,Michael Albert,22,LinkedIn,Fully Meets,3.21,3,0,1/29/2019,0,7
02/10/1976,M ,Single,Active,Production       ,3,0,66541,Production Technician II,MA,2459,US Citizen,No,Black or African American,8/18/2014,,0,N/A-StillEmployed,Ketsia Liebig,19,Employee Referral,Fully Meets,3.11,5,0,02/12/2019,0,4
11/14/55,F,Married,Voluntarily Terminated,Production       ,3,1,80512,Production Manager,MA,2478,US Citizen,No,Black or African American,9/26/2011,01/02/2012,1,Another position,Janet King,2,Diversity Job Fair,Fully Meets,4.5,3,0,01/02/2012,0,5
08/02/1980,F,Single,Voluntarily Terminated,Production       ,2,0,50274,Production Technician I,MA,1887,US Citizen,No,White,8/13/2012,09/01/2015,1,career change,Elijiah Gray,16,CareerBuilder,Needs Improvement,2.5,3,0,09/05/2014,6,13
07/08/1981,M ,Single,Active,IT/IS,3,0,84903,Senior BI Developer,MA,1887,US Citizen,No,Asian,2/15/2017,,0,N/A-StillEmployed,Brian Champaigne,13,Indeed,Fully Meets,3.42,4,7,01/04/2019,0,17
05/02/1978,F,Widowed,Active,IT/IS,3,0,107226,Sr. Network Engineer,MA,2453,US Citizen,No,Asian,3/30/2015,,0,N/A-StillEmployed,Peter Monroe,7,Employee Referral,Fully Meets,4.2,4,8,02/05/2019,0,7
05/24/87,M ,Single,Voluntarily Terminated,Production       ,3,0,58371,Production Technician I,MA,2030,US Citizen,Yes,White,01/10/2011,5/15/2014,1,hours,Webster Butler,39,LinkedIn,Fully Meets,5,5,0,5/15/2014,0,11
09/09/1965,M ,Married,Voluntarily Terminated,Production       ,3,0,55140,Production Technician I,MA,2324,Eligible NonCitizen,No,White,5/16/2011,09/07/2015,1,unhappy,Amy Dunn,11,Website,Fully Meets,5,3,0,2/15/2015,0,7
07/30/83,F,Divorced,Voluntarily Terminated,Production       ,3,0,58062,Production Technician I,MA,1876,US Citizen,No,White,01/10/2011,5/14/2012,1,Another position,Ketsia Liebig,19,Google Search,Fully Meets,3.6,5,0,02/06/2011,0,9
10/02/1969,F,Single,Voluntarily Terminated,Production       ,3,1,59728,Production Technician I,MA,2109,US Citizen,Yes,Black or African American,01/09/2012,6/27/2015,1,relocation out of area,Ketsia Liebig,19,Diversity Job Fair,Fully Meets,4.3,4,0,06/02/2014,0,16
11/07/1958,M ,Single,Voluntarily Terminated,Production       ,4,0,70507,Production Technician II,MA,2045,US Citizen,No,White,01/07/2013,2/21/2016,1,retiring,Brannon Miller,12,LinkedIn,Exceeds,5,3,0,1/19/2016,0,7
04/20/85,F,Single,Active,Production       ,3,0,60446,Production Technician II,MA,2302,US Citizen,No,White,9/29/2014,,0,N/A-StillEmployed,David Stanley,14,LinkedIn,Fully Meets,3.4,4,0,2/21/2019,0,14
05/11/1985,M ,Single,Active,Production       ,3,0,65893,Production Technician II,MA,1810,US Citizen,No,White,07/07/2014,,0,N/A-StillEmployed,Kissy Sullivan,20,LinkedIn,Fully Meets,4.07,4,0,2/28/2019,0,13
05/04/1982,F,Single,Voluntarily Terminated,Production       ,1,0,48513,Production Technician I,MA,2458,US Citizen,No,Asian,09/02/2008,9/29/2015,1,Another position,Brannon Miller,12,Google Search,PIP,3.2,2,0,09/02/2015,5,4
08/30/79,F,Single,Active,IT/IS,4,0,220450,CIO,MA,2067,US Citizen,No,White,04/10/2010,,0,N/A-StillEmployed,Janet King,2,Employee Referral,Exceeds,4.6,5,6,2/21/2019,0,16
02/24/79,F,Single,Active,IT/IS,3,0,89292,Data Analyst,MA,2148,US Citizen,No,White,3/30/2015,,0,N/A-StillEmployed,Simon Roup,4,Employee Referral,Fully Meets,5,3,5,02/01/2019,0,11
08/17/78,F,Widowed,Active,Production       ,3,0,45046,Production Technician I,MA,1730,US Citizen,No,Asian,9/29/2014,,0,N/A-StillEmployed,David Stanley,14,LinkedIn,Fully Meets,4.5,5,0,1/30/2019,0,2
